AssetCategory,TotalValue,AllocationPercentage
Equity,27767.6300,16.52477967
ETF,97528.9500,58.04040210
"Mutual Fund",16711.3600,9.94508865
Bond,2205.5000,1.31251394
Commodity,23822.8700,14.17721563
